[
	{ "id" : 19, "tags" : "Departures-North-Concourse,airside,gatearea,all", "points" : "401,183;443,329;465,330;495,364;538,351;547,255;483,70;413,53;401,177", "floor" : 1, "name" : "Departures-North-Concourse" },
	{ "id" : 21, "tags" : "pierC-all,airside,all", "points" : "202,514;207,520;215,516;218,517;238,504;241,514;260,508;270,502;299,498;309,567;345,608;374,723;104,777;41,762;94,665;187,603;173,567;168,548;173,531;194,520", "floor" : 1, "name" : "pierC-all" },
	{ "id" : 26, "tags" : "PierB-inbound-duty-free,retail,airside,all", "points" : "395,308;378,337;454,371;497,368;486,333;415,304;398,305", "floor" : 0, "name" : "Pier B Inbound duty free" },
	{ "id" : 24, "tags" : "Arrival-AQIS-PIER-B,landside,all", "points" : "241,327;264,337;304,238;282,230;279,234;282,237;250,316;247,315;246,315", "floor" : 0, "name" : "AQIS PIER B" },
	{ "id" : 25, "tags" : "Arrival-AQIS-PIER-C,landside,all", "points" : "231,400;223,407;214,414;168,444;158,428;191,405;214,389;225,378;234,384;231,386;232,391;234,394;234,398", "floor" : 0, "name" : "AQIS PIER C" },
	{ "id" : 23, "tags" : "BAGGAGE-RECLAIM-B,baggage,all", "points" : "304,244;264,351;275,379;279,390;304,358;345,261;325,248;307,241", "floor" : 0, "name" : "Baggage Reclaim B" },
	{ "id" : 22, "tags" : "BAGGAGE-RECLAIM-C,baggage,all", "points" : "161,454;190,500;206,492;206,478;267,436;234,397;161,450", "floor" : 0, "name" : "Baggage Reclaim C" },
	{ "id" : 16, "tags" : "DEPARTURES-CHECK-IN,landside,all", "points" : "170,440;196,486;208,478;272,432;254,415;255,408;267,404;290,372;298,358;301,346;325,326;342,265;348,230;361,201;322,184", "floor" : 1, "name" : "Departures-Check-in", "comment" : "Covers all departure areas from A-K" },
	{ "id" : 20, "tags" : "DEPARTURES-EAST-SOUTH-CONCOURSE,gatearea,airside,all", "points" : "462,407;512,403;530,418;539,418;571,390;550,343;601,301;641,301;674,298;702,308;689,365;632,492;632,599;600,660;451,592;462,414", "floor" : 1, "name" : "Departures-East-South-Concourse" },
	{ "id" : 17, "tags" : "outbound-immigration,immi,security,landside,all", "points" : "320,354;331,359;334,361;334,361;337,361;337,361;337,361;340,361;340,361;343,359;370,370;396,308;372,297;348,287;328,336", "floor" : 1, "name" : "Outbound-immigration" },
	{ "id" : 18, "tags" : "Forum,retail,airside,all", "points" : "325,418;334,425;336,425;334,423;337,425;337,425;401,411;477,401;515,397;522,411;538,415;565,389;565,379;556,379;556,371;544,350;495,365;480,347;463,351;424,358;404,361;377,387;364,390;363,392", "floor" : 1, "name" : "Forum" },
	{ "id" : 31, "tags" : "PierB-North-Arrivals,airside,all", "points" : "386,85;404,287;492,337;503,372;530,340;530,173;454,42", "floor" : 0, "name" : "Pier B - North Arrivals" },
	{ "id" : 29, "tags" : "PierC-inbound-duty-free,retail,airside,all", "points" : "240,520;261,518;281,588;252,591;237,525", "floor" : 0, "name" : "Pier C Inbound Duty Free" },
	{ "id" : 30, "tags" : "PierC-Arrivals,airside,all", "points" : "173,479;196,513;237,528;249,602;270,596;287,588;264,520;273,482;319,471;372,578;375,631;395,723;293,738;135,783;15,758;91,539;129,474", "floor" : 0, "name" : "Pier C Arrivals" },
	{ "id" : 32, "tags" : "PierB-East-and-south-arrivals,airside,all", "points" : "738,273;617,621;635,648;620,669;571,656;415,435;500,379;539,351;550,244;673,241;729,269", "floor" : 0, "name" : "Pier B - East and South Arrivals" },
	{ "id" : 53, "tags" : "depart-foodcourt,depart-landside,all,landside", "points" : "307,368;334,379;327,399;333,402;312,453;241,502;231,457;261,439;263,429;270,425;278,428;295,404;307,369", "floor" : 1, "name" : "depart - foodcourt" },
	{ "id" : 54, "tags" : "depart-staffarea,depart-landside,all,landside", "points" : "319,354;316,362;317,364;316,366;314,370;335,378;328,398;339,403;348,379;361,383;358,390;360,395;363,394;362,391;366,381;369,382;372,372;369,371;370,369;349,361;343,359;340,361;336,361;320,354", "floor" : 1, "name" : "depart - staff area", "comment" : "Staff entry area" },
	{ "id" : 52, "tags" : "departcheckin3,depart-landside,all,landside", "points" : "237,405;261,439;204,478;182,442;235,405", "floor" : 1, "name" : "depart - landside - checkin3", "comment" : "checkin counters H - J" },
	{ "id" : 109, "tags" :" Departing,Customs,Entrance", "points" : "334,323;332,328;332,328;327,339;330,340;336,324;334,323;337,324;334,323", "floor" : 1, "name" : "Customs Entrance, Departures", "comment" : "To view number of Devices by hour that transit this area " },
	{ "id" : 50, "tags" : "departcheckin1,depart-landside,all,landside", "points" : "325,191;356,204;336,256;327,280;336,284;328,307;285,290;325,191", "floor" : 1, "name" : "depart - landside - checkin1", "comment" : "checkin counters A-D" },
	{ "id" : 51, "tags" : "departcheckin2,depart-landside,all,landside", "points" : "282,308;319,322;313,336;305,332;293,360;284,384;254,372;281,308", "floor" : 1, "name" : "depart - landside - checkin2", "comment" : "Checkin counters E - G" },
	{ "id" : 44, "tags" : "dep-immi,depart-landside,all,immi-screening", "points" : "346,287;367,294;361,308;354,326;348,343;340,361;339,361;337,361;337,361;331,358;325,358;319,354;343,298", "floor" : 1, "name" : "dep-immi" },
	{ "id" : 47, "tags" : "depart-landside,all,landside", "points" : "157,427;218,517;264,486;312,453;333,402;328,400;329,399;327,398;328,397;329,393;331,389;336,379;314,370;317,364;317,362;318,359;319,355;320,353;322,353;328,337;334,321;348,288;369,296;387,251;373,244;388,207;307,174;282,241;266,283;237,351;228,371;225,376;222,379;216,389;188,408;161,425", "floor" : 1, "name" : "depart-landside", "comment" : "All Departures landside" },
	{ "id" : 55, "tags" : "depart-dutyfree1,depart-dutyfreeall,airside", "points" : "371,370;375,373;379,367;380,367;387,360;391,364;395,355;404,349;411,346;419,326;403,323;391,321;371,369", "floor" : 1, "name" : "depart-dutyfree1", "comment" : "Dutyfree - perfume area" },
	{ "id" : 56, "tags" : "depart-dutyfreeall,depart-dutyfree2,airside,all", "points" : "389,319;419,326;431,291;416,286;411,294;398,290;401,283;395,280;389,295;393,298;392,301;395,302;393,304;396,305;390,319", "floor" : 1, "name" : "depart-dutyfree2", "comment" : "duty free - alcohol etc" },
	{ "id" : 57, "tags" : "depart-dutyfreeall,airside,all,depart-dutyfree3", "points" : "419,325;456,354;465,351;466,337;456,333;443,298;442,297;440,294;437,294;431,293;419,323", "floor" : 1, "name" : "depart-dutyfree3" },
	{ "id" : 58, "tags" : "depart-dutyfreeall,all,airside,depart-dutyfree4", "points" : "411,345;416,351;420,359;456,354;419,325;411,344", "floor" : 1, "name" : "depart-dutyfree4" },
	{ "id" : 59, "tags" : "pierB-north,pierB,all,airside", "points" : "399,127;437,291;448,290;449,286;454,290;471,308;486,315;523,270;516,241;471,233;457,234;478,159;454,127;468,80;440,56;407,53;399,126", "floor" : 1, "name" : "pierB - north" },
	{ "id" : 60, "tags" : "pierB-north,pierB,all,airside,gate8", "points" : "433,84;442,88;419,127;428,177;424,177;413,131;428,84", "floor" : 1, "name" : "pierB-gate8" },
	{ "id" : 61, "tags" : "pierB,pierB-north,all,airside,gate9", "points" : "433,191;443,176;438,173;429,154;429,149;432,148;441,168;436,146;441,145;444,164;450,162;470,164;467,168;451,165;457,169;434,198;433,194", "floor" : 1, "name" : "pierb-gate9" },
	{ "id" : 62, "tags" : "pierB,pierB-north,all,airside,gate10", "points" : "467,242;480,267;506,256;507,259;486,267;493,268;492,288;491,305;483,307;485,273;473,272;454,253;457,250;473,267;476,266;465,247;467,244", "floor" : 1, "name" : "pierB-gate10" },
	{ "id" : 63, "tags" : "pierB-east,pierB,all,airside", "points" : "525,341;544,380;549,382;565,379;612,385;696,361;743,299;644,263;550,297;526,339", "floor" : 1, "name" : "pierB-east" },
	{ "id" : 64, "tags" : "pierB-east,pierB,all,airside,gate24", "points" : "591,337;598,337;622,314;619,301;610,308;618,291;612,291;605,310;587,314;588,320;603,314;585,327;587,331;604,320;590,335", "floor" : 1, "name" : "pierB-gate24" },
	{ "id" : 65, "tags" : "pierB,pierB-east,all,airside,gate24", "points" : "627,349;629,355;662,352;664,347;673,343;685,333;692,334;685,302;678,304;679,309;682,307;686,324;668,340;629,348", "floor" : 1, "name" : "pierB-gate25" },
	{ "id" : 66, "tags" : "pierB-south,all,pierB,airside", "points" : "470,406;522,399;544,380;565,380;596,408;649,586;678,688;518,692;474,507;469,409", "floor" : 1, "name" : "pierB-south" },
	{ "id" : 67, "tags" : "pierB,pierB-south,gate30,all,airside", "points" : "510,403;512,408;483,417;501,432;503,436;500,436;498,432;480,419;474,414;474,407;477,407;480,411;509,403", "floor" : 1, "name" : "pierB-gate30" },
	{ "id" : 68, "tags" : "gate32,pierB,pierB-south,all,airside", "points" : "503,482;525,461;536,458;541,478;531,481;528,468;507,488;524,503;522,507;519,507;495,483;498,479;503,482", "floor" : 1, "name" : "pierB-gate32" },
	{ "id" : 69, "tags" : "gate34,pierB,pierB-south,all,airside", "points" : "528,563;524,558;525,557;523,555;522,552;525,551;528,554;550,531;553,537;531,561;543,572;542,576;540,576;539,572;534,568;527,563", "floor" : 1, "name" : "pierB-gate34" },
	{ "id" : 70, "tags" : "gate36,pierB,pierB-south,all,airside", "points" : "577,599;582,599;592,641;588,642;585,642;583,635;569,643;568,646;565,646;565,645;565,643;565,639;571,638;583,631;577,599", "floor" : 1, "name" : "pierB-gate36" },
	{ "id" : 71, "tags" : "gate37,pierB-south,pierB,all,airside", "points" : "582,599;586,598;600,652;615,646;615,650;598,656;594,643;592,643;582,599", "floor" : 1, "name" : "pierB-gate37" },
	{ "id" : 72, "tags" : "gate35,pierB,pierB-south,all,airside", "points" : "586,570;589,582;619,598;617,601;620,602;621,600;626,593;606,581;601,568;598,567;600,577;586,570", "floor" : 1, "name" : "pierB-gate35" },
	{ "id" : 73, "tags" : "gate33,pierB,pierB-south,all,airside", "points" : "577,538;579,547;607,519;610,522;612,519;611,516;608,513;604,512;602,514;599,516;592,495;592,493;588,494;595,519;587,529;577,537", "floor" : 1, "name" : "pierB-gate33" },
	{ "id" : 74, "tags" : "gate31,pierB,pierB-south,all,airside", "points" : "552,449;555,458;590,457;591,449;575,448;568,425;563,425;570,447;554,448", "floor" : 1, "name" : "pierB-gate31" },
	{ "id" : 75, "tags" : "forum-all,airside,all", "points" : "325,418;332,423;381,409;483,400;483,403;498,401;497,398;503,398;509,397;510,402;522,398;525,398;541,379;537,362;533,346;500,333;486,312;486,315;471,308;454,290;449,286;448,287;437,290;442,294;443,297;456,333;465,337;465,351;451,354;419,358;416,351;410,344;401,347;395,354;389,364;387,361;381,366;379,366;377,369;375,372;372,372;367,379;366,379;361,390;361,393;358,393;358,390;361,383;355,382;346,379;337,403;333,401;330,408;326,419", "floor" : 1, "name" : "depart-forum-all" },
	{ "id" : 76, "tags" : "gate54,pierC-all,all,airside", "points" : "219,598;227,596;223,603;221,603;188,654;174,660;172,658;182,653;178,650;178,646;180,646;183,647;218,598", "floor" : 1, "name" : "pierC-gate54" },
	{ "id" : 77, "tags" : "gate51,pierC-all,all,airside", "points" : "274,543;278,542;277,537;281,536;283,539;282,531;286,529;288,543;285,545;291,566;285,568;278,545;274,546", "floor" : 1, "name" : "pierC-gate51" },
	{ "id" : 78, "tags" : "gate53,pierC-all,airside,all", "points" : "293,614;297,613;297,608;301,606;303,610;301,600;306,600;307,613;304,614;310,636;305,638;298,616;294,617;293,614", "floor" : 1, "name" : "pierC-gate53" },
	{ "id" : 79, "tags" : "gate55,pierC-all,all,airside", "points" : "307,664;319,654;321,657;325,654;346,651;348,650;349,647;344,645;345,647;324,651;323,651;343,633;340,629;305,656;307,665", "floor" : 1, "name" : "pierC-gate55" },
	{ "id" : 80, "tags" : "gate57,pierC-all,all,airside", "points" : "283,672;297,668;308,677;310,675;312,676;313,674;326,676;328,674;330,678;329,679;328,679;327,681;314,677;326,686;322,692;323,693;323,691;334,681;337,683;336,687;324,694;327,695;326,698;342,686;344,689;326,701;324,701;322,700;321,701;319,702;312,697;313,695;315,697;317,695;283,672", "floor" : 1, "name" : "pierC-gate57" },
	{ "id" : 81, "tags" : "gate58,pierC-all,airside,all", "points" : "265,676;272,675;269,709;285,706;285,711;269,713;269,723;268,725;265,726;261,725;256,724;256,721;258,719;262,720;265,677", "floor" : 1, "name" : "pierC-gate58" },
	{ "id" : 82, "tags" : "gate59,pierC-all,airside,all", "points" : "206,694;215,691;198,721;213,719;214,723;195,725;191,736;189,737;187,737;183,735;184,734;179,731;179,729;181,728;186,730;206,694", "floor" : 1, "name" : "pierC-gate59" },
	{ "id" : 83, "tags" : "gate60,pierC-all,airside,all", "points" : "176,694;178,701;125,743;128,747;139,741;144,743;143,746;140,746;128,751;125,749;124,750;119,746;117,741;175,694", "floor" : 1, "name" : "pierC-gate60" },
	{ "id" : 84, "tags" : "gate61,pierC-all,airside,all", "points" : "177,685;176,694;116,742;113,738;85,739;85,740;107,748;105,752;85,743;82,744;99,757;96,760;79,746;80,744;76,744;77,746;54,757;52,752;72,744;71,734;115,732;120,728;122,730;177,685", "floor" : 1, "name" : "pierC-gate61" },
	{ "id" : 85, "tags" : "gate63,pierC-all,all,airside", "points" : "186,670;181,678;134,695;98,701;98,703;93,703;94,698;131,693;138,691;137,687;186,670", "floor" : 1, "name" : "pierC-gate63" },
	{ "id" : 86, "tags" : "gate56,pierC-all,airside,all", "points" : "189,663;186,670;138,687;140,682;129,672;128,674;123,671;129,666;144,680;188,664", "floor" : 1, "name" : "pierC-gate56" },
	{ "id" : 87, "tags" : "gate50,pierC-all,airside,all", "points" : "228,516;202,523;203,530;230,523", "floor" : 1, "name" : "pierC-gate50" },
	{ "id" : 88, "tags" : "pierC-corridor,pierC-all,airside,all", "points" : "241,513;259,508;271,501;273,494;315,466;332,423;327,419;312,453;238,504", "floor" : 1, "name" : "pierC-corridor" },
	{ "id" : 89, "tags" : "depart-sec,depart-landside,all,immi-screening", "points" : "340,361;352,327;366,295;396,307;370,369;345,359;342,361", "floor" : 1, "name" : "depart-sec" },
	{ "id" : 90, "tags" : "immi-screening,depart-landside,all", "points" : "320,355;349,288;397,306;370,370;344,360;338,362;321,356", "floor" : 1, "name" : "depart-immigrationscreening" },
	{ "id" : 91, "tags" : "depart-dutyfree-all,all,airside", "points" : "370,371;398,306;392,304;394,298;389,296;394,283;401,286;399,290;412,295;416,286;438,294;441,299;443,301;445,303;448,309;455,333;461,336;464,335;466,335;467,339;466,344;465,348;462,352;458,353;427,356;420,359;419,355;417,352;412,345;396,354;395,354;392,361;390,363;388,360;380,367;379,366;375,373;370,371", "floor" : 1, "name" : "depart-dutyfree-all" },
	{ "id" : 92, "tags" : "arrival-baggage2,all,arrivalairsideall,baggageall", "points" : "160,452;192,501;206,492;205,490;206,488;206,485;204,480;204,477;269,433;259,417;273,407;278,414;285,396;271,390;267,400;265,404;256,410;243,393;161,451", "floor" : 0, "name" : "arrival-baggage2" },
	{ "id" : 93, "tags" : "arrival-baggage1,all,arrivalairsideall,baggageall", "points" : "271,390;285,395;286,392;283,390;286,385;286,377;296,355;305,358;311,344;317,330;319,330;321,325;338,280;340,276;344,268;347,257;305,240;258,354;274,381;272,388", "floor" : 0, "name" : "arrival-baggage1" },
	{ "id" : 94, "tags" : "arrivals-immiB,arrivalairsideall,arrivalspierB,all", "points" : "322,322;340,279;363,289;373,293;366,311;383,319;380,326;354,315;346,334;322,325", "floor" : 0, "name" : "arrivals-immiB" },
	{ "id" : 95, "tags" : "arrival-immiC,arrivalspierC,arrivalairsideall", "points" : "205,477;237,454;254,480;261,475;270,483;265,495;262,494;258,505;261,507;262,513;260,514;260,517;257,517;254,511;251,512;255,527;247,529;244,519;242,519;241,514;228,501;225,499;220,492;217,492;214,493;204,479", "floor" : 0, "name" : "arrival-immiC" },
	{ "id" : 96, "tags" : "taxi area", "points" : "164,293;194,268;206,308;149,332;163,295", "floor" : 0, "name" : "taxi area" },
	{ "id" : 97, "tags" : "ExpressB,pierB,pierB-south", "points" : "538,392;545,397;547,406;552,410;566,387;565,378;549,381;543,381;542,387;538,391", "floor" : 1, "name" : "ExpB" },
	{ "id" : 111, "tags" : "DEPARTURES-CHECK-IN,departcheckin1", "points" : "327,197;340,201;352,207;354,203;355,199;343,195;330,190;327,197;328,197;328,197", "floor" : 1, "name" : "Check In A 1", "comment" : "Test for SLAs" },
	{ "id" : 110, "tags" : "depart-landside,depart-foodcourt,landside-food-hall-sitting", "points" : "310,421;317,423;323,427;312,453;308,452;297,442", "floor" : 1, "name" : "Land side Food hall sitting " },
	{ "id" : 104, "tags" : "arrivals-Landside-All,all", "points" : "146,401;161,425;216,386;223,376;234,383;234,397;243,391;255,408;264,403;273,380;257,352;264,337;240,326;244,313;249,315;281,237;276,231;282,227;304,238;322,199;340,205;355,177;282,145;208,258;214,326;194,358;141,390;143,400", "floor" : 0, "name" : "Arrivals-Lanside-all" },
	{ "id" : 105, "tags" : "arrivals-pierB-north,all,arrivalairsideall,arrivals-PierB-all", "points" : "392,138;436,287;460,301;487,340;484,351;490,362;504,337;493,302;515,259;468,238;446,223;442,203;474,170;446,139;430,138;448,92;445,56;421,61;392,134", "floor" : 0, "name" : "arrivals-pierB-north" },
	{ "id" : 106, "tags" : "arrivals-PierB-west,all,arrivalairsideall,arrivals-PierB-all", "points" : "504,337;492,365;525,379;538,376;536,372;559,369;562,378;618,369;695,327;688,297;668,301;654,336;632,281;566,308;568,337;512,334", "floor" : 0, "name" : "arrivals-PierB-west" },
	{ "id" : 107, "tags" : "arrivals-PierB-south,all,arrivalairsideall,arrivals-PierB-all", "points" : "506,390;522,380;506,400;468,408;492,442;516,440;513,461;489,478;507,515;539,514;541,532;513,546;533,582;556,575;568,624;553,646;562,663;583,656;598,667;653,649;638,610;610,631;644,574;592,552;632,517;595,489;565,483;595,465;606,437;557,410;571,386;563,379;557,372;539,372", "floor" : 0, "name" : "arrivals-PierB-south" },
	{ "id" : 108, "tags" : "arrivals-PierC-all,all,arrivalairsideall", "points" : "204,530;273,513;294,532;322,616;353,630;347,700;315,714;186,745;161,727;114,776;55,762;61,723;126,661;210,589;202,533", "floor" : 0, "name" : "arrivals-PierC-all"}
]